DATE,CSUSHPISA,CONSSENT,CPI,POP,LABPARTRATE,LABCONS,WORKPOP,UNRATE,RECPROB,S&P500,PPILUMBWOOD,PPIIRONSTEEL,PCDISPINC,PERMIT,UNDCONSPI
01-01-1990,76.897,93,127.5,248743,66.8,5422,159257,5.4,0.420,329.08,129,116.7,27341,989,57.2
01-02-1990,77.053,89.5,128,248920,66.7,5416,159383,5.3,0.300,331.89,129.7,116.2,27379,963,57.4
01-03-1990,77.2,91.3,128.6,249146,66.7,5392,159425,5.2,0.460,339.94,130.5,116.5,27361,912,57.5
01-04-1990,77.278,93.9,128.9,249436,66.6,5355,159536,5.4,1.500,330.8,132.4,117.1,27505,818,57.6
01-05-1990,77.297,90.6,129.1,249707,66.6,5321,159598,5.4,1.920,361.23,132,117.9,27442,793,57.6
01-06-1990,77.257,88.3,129.9,249990,66.4,5303,159720,5.2,3.500,358.02,130.7,117.4,27450,795,57.9
01-07-1990,77.138,88.2,130.5,250285,66.5,5274,159805,5.5,11.860,356.15,131.3,117.5,27513,775,58.2
01-08-1990,77.008,76.4,131.6,250595,66.5,5234,159974,5.7,24.160,322.56,130.2,118.2,27306,764,58.2
01-09-1990,76.849,72.8,132.5,250904,66.4,5197,160220,5.9,42.680,306.05,129.3,117.9,27259,721,58.2
01-10-1990,76.7,63.9,133.4,251201,66.4,5134,160240,5.9,62.820,304,127.5,117.5,27004,708,58.1
01-11-1990,76.369,66,133.7,251486,66.4,5095,160488,6.2,66.320,322.22,126.9,116.9,26980,682,58.5
01-12-1990,76.183,65.5,134.2,251758,66.4,5047,160675,6.3,64.600,330.22,126.8,116.8,27106,655,58.5
01-01-1991,75.914,66.8,134.7,252012,66.2,4972,160538,6.4,62.920,343.93,127.6,117,27001,587,58.5
01-02-1991,75.734,70.4,134.8,252253,66.2,4929,160715,6.6,55.640,367.07,127.2,116.6,27013,680,58.4
01-03-1991,75.571,87.7,134.8,252507,66.3,4881,160916,6.8,36.740,375.22,127.8,115.8,27029,694,58
01-04-1991,75.566,81.8,135.1,252778,66.4,4842,160973,6.7,4.400,375.34,129.2,115.4,27105,742,57.9
01-05-1991,75.764,78.3,135.6,253060,66.2,4800,161132,6.9,0.720,389.83,132.3,114.5,27080,763,58
01-06-1991,75.992,82.1,136,253350,66.2,4782,161197,6.9,0.300,371.16,136.2,113.5,27190,763,58.3
01-07-1991,76.081,82.9,136.2,253650,66.1,4752,161197,6.8,0.520,387.81,136.9,113.3,27105,787,58.4
01-08-1991,76.109,82,136.6,253966,66,4733,161398,6.9,0.340,395.43,133.3,113,27135,772,58.5
01-09-1991,76.194,83,137,254280,66.2,4728,161518,6.9,0.340,387.86,133.4,112.8,27177,788,58.6
01-10-1991,76.071,78.3,137.2,254576,66.1,4698,161641,7,0.660,392.45,133.2,112.4,27187,787,58.3
01-11-1991,76.015,69.1,137.8,254841,66.1,4640,161824,7,0.620,375.22,133.4,112.3,27202,789,58.2
01-12-1991,76.057,68.2,138.2,255089,66,4647,162039,7.3,0.780,417.09,134.6,112.3,27425,860,58.1
01-01-1992,76.089,67.5,138.3,255331,66.3,4667,161796,7.3,0.360,408.78,137.6,112.1,27671,893,58.4
01-02-1992,76.158,68.8,138.6,255576,66.2,4612,162031,7.4,0.160,412.7,142.9,112.3,27772,951,58.4
01-03-1992,76.279,76,139.1,255848,66.4,4621,162201,7.4,0.160,403.69,145.7,112.7,27772,897,58.4
01-04-1992,76.347,77.2,139.4,256139,66.5,4603,162316,7.4,0.160,414.95,147.5,112.3,27824,868,58.5
01-05-1992,76.4,79.2,139.7,256437,66.6,4605,162466,7.6,0.180,415.35,147.6,112.2,27925,885,58.4
01-06-1992,76.335,80.4,140.1,256742,66.7,4584,162373,7.8,0.180,408.14,146.3,111.4,28012,888,58.5
01-07-1992,76.267,76.6,140.5,257063,66.7,4570,162418,7.7,0.160,424.21,145.3,111.4,27958,884,58.5
01-08-1992,76.234,76.1,140.8,257390,66.6,4581,162804,7.6,0.540,414.03,145.4,111.2,28023,883,58.7
01-09-1992,76.242,75.6,141.1,257704,66.5,4584,163063,7.6,0.200,417.8,148.7,111,27860,914,58.9
01-10-1992,76.379,73.3,141.7,258004,66.2,4600,163266,7.3,0.140,418.68,148.7,110.3,27649,944,59.4
01-11-1992,76.56,85.3,142.1,258280,66.3,4606,163405,7.4,0.180,431.35,149.5,110.1,27662,945,59.7
01-12-1992,76.676,91,142.3,258546,66.3,4630,163526,7.4,0.180,435.71,154.4,110.6,28618,1017,60
01-01-1993,76.787,89.3,142.8,258799,66.2,4664,163371,7.3,0.160,438.78,160.2,111.9,27966,989,60.4
01-02-1993,76.841,86.6,143.1,259036,66.2,4714,163536,7.1,0.160,443.38,169.3,113.1,28073,953,60.7
01-03-1993,76.872,85.9,143.3,259283,66.2,4676,163680,7,1.080,451.67,176.9,113.4,27959,881,60.8
01-04-1993,76.94,85.6,143.8,259547,66.1,4690,163885,7.1,0.140,440.19,181.2,113.5,28075,922,60.9
01-05-1993,77.039,80.3,144.2,259822,66.4,4753,164007,7.1,0.300,450.19,179.8,114.2,28005,911,61.1
01-06-1993,77.245,81.5,144.3,260109,66.5,4760,163999,7,0.140,450.53,174.1,115.6,27923,932,61.4
01-07-1993,77.431,77,144.5,260411,66.4,4783,164138,6.9,0.140,448.13,171.7,116.5,27961,977,61.8
01-08-1993,77.616,77.3,144.8,260717,66.4,4806,164349,6.8,0.140,463.56,171.1,116.7,27968,1000,61.9
01-09-1993,77.797,77.9,145,261015,66.2,4823,164585,6.7,0.100,458.93,173.2,117.3,27860,1028,62.1
01-10-1993,77.945,82.7,145.6,261294,66.3,4868,164779,6.8,0.080,467.83,174,119,27694,1071,62.5
01-11-1993,78.152,81.2,146,261550,66.3,4887,164825,6.6,0.060,461.79,177.3,119.9,27744,1125,63
01-12-1993,78.329,88.2,146.3,261796,66.4,4925,164979,6.5,0.080,466.45,179.6,120.8,28662,1161,63.2
01-01-1994,78.595,94.3,146.3,262021,66.6,4940,165036,6.6,0.080,481.61,184.6,121.3,28101,1112,63.3
01-02-1994,78.73,93.2,146.7,262237,66.6,4923,165235,6.6,0.100,467.14,183.3,122,28132,1065,63.5
01-03-1994,78.859,91.5,147.1,262491,66.5,4990,165418,6.5,0.020,445.77,184.2,121.8,28198,1078,63.5
01-04-1994,78.99,92.6,147.2,262754,66.5,5047,165618,6.4,0.020,450.91,180.3,121.4,28171,1084,63.5
01-05-1994,79.225,92.8,147.5,263014,66.6,5084,165704,6.1,0.080,456.5,178.2,120.6,28468,1110,63.8
01-06-1994,79.426,91.2,147.9,263294,66.4,5097,165839,6.1,0.040,444.27,179.4,118.8,28392,1067,64.2
01-07-1994,79.598,89,148.4,263580,66.4,5125,165996,6.1,0.080,458.26,177.4,120.4,28385,1041,64.4
01-08-1994,79.784,91.7,149,263871,66.6,5139,166014,6,0.040,475.49,177.7,122.3,28387,1054,64.7
01-09-1994,79.922,91.5,149.3,264159,66.6,5175,166134,5.9,0.060,462.71,178.3,123.1,28480,1056,65.1
01-10-1994,80.068,92.7,149.4,264430,66.7,5177,166212,5.8,0.060,472.35,177.8,123.1,28721,1042,65.5
01-11-1994,80.152,91.6,149.8,264681,66.7,5210,166230,5.6,0.040,453.69,179.4,124.1,28693,1014,66
01-12-1994,80.298,95.1,150.1,264924,66.7,5226,166378,5.5,0.080,459.27,179.2,124.7,28797,1086,66.7
01-01-1995,80.429,97.6,150.5,265157,66.8,5234,166390,5.6,0.120,470.42,179.6,127.2,28865,967,67
01-02-1995,80.53,95.1,150.9,265383,66.8,5192,166519,5.4,0.340,487.39,179.5,128.4,28898,916,67
01-03-1995,80.601,90.3,151.2,265625,66.7,5242,166670,5.4,0.340,500.71,180.6,129.1,28952,914,67
01-04-1995,80.664,92.5,151.8,265877,66.9,5252,166879,5.8,0.380,514.71,180.4,129.8,28711,925,67
01-05-1995,80.707,89.8,152.1,266134,66.5,5220,166987,5.6,0.160,533.4,179.7,129.9,28974,958,67.2
01-06-1995,80.789,92.7,152.4,266414,66.5,5250,167072,5.6,0.080,544.75,178,129.7,29030,982,67.3
01-07-1995,80.941,94.4,152.6,266700,66.6,5262,167207,5.7,0.400,562.06,178.2,129.9,29064,1019,67.2
01-08-1995,81.115,96.2,152.9,266998,66.6,5286,167345,5.7,0.100,561.88,177.8,130.4,29051,1045,67.4
01-09-1995,81.311,88.9,153.1,267304,66.6,5324,167475,5.6,0.100,584.41,178.9,129.4,29113,1079,67.6
01-10-1995,81.486,90.2,153.5,267585,66.6,5353,167624,5.5,0.340,581.5,177.2,128.4,29115,1052,67.7
01-11-1995,81.623,88.2,153.7,267829,66.5,5358,167794,5.6,0.160,605.37,174.2,126.9,29169,1060,67.6
01-12-1995,81.74,91,153.9,268047,66.4,5344,167979,5.6,0.120,615.93,173.5,126.6,29185,1091,67.6
01-01-1996,81.838,89.3,154.7,268258,66.4,5355,167970,5.6,0.460,636.02,172.9,127,29202,1051,67.9
01-02-1996,81.957,88.5,155,268480,66.6,5415,168104,5.5,0.080,640.43,173,126.3,29404,1085,67.9
01-03-1996,82.198,93.7,155.5,268724,66.6,5446,168298,5.5,0.140,645.5,172.8,125.7,29472,1108,67.9
01-04-1996,82.425,92.7,156.1,268980,66.7,5474,168519,5.6,0.060,654.17,171.9,125.9,29267,1108,67.7
01-05-1996,82.613,89.4,156.4,269247,66.7,5498,168629,5.6,0.060,669.12,175.8,126.3,29609,1096,67.9
01-06-1996,82.756,92.4,156.7,269527,66.7,5534,168763,5.3,0.080,670.63,176.8,126.2,29757,1089,68.3
01-07-1996,82.932,94.7,157,269822,66.9,5557,168833,5.5,0.220,639.95,175,125.8,29647,1074,68.8
01-08-1996,83.09,95.3,157.2,270130,66.7,5586,169003,5.1,0.180,651.99,177,126.2,29689,1061,69
01-09-1996,83.261,94.7,157.7,270433,66.9,5610,169246,5.2,0.140,687.33,180.2,126.4,29725,1037,69
01-10-1996,83.381,96.5,158.2,270730,67,5643,169376,5.2,0.160,705.27,177.8,125.5,29691,1010,69.2
01-11-1996,83.557,99.2,158.7,271002,67,5668,169647,5.4,0.120,757.02,180.2,124.3,29742,1031,69.3
01-12-1996,83.725,96.9,159.1,271243,67,5675,169844,5.4,0.120,740.74,179.7,124.2,29817,1015,69.4
01-01-1997,83.959,97.4,159.4,271472,67,5675,170327,5.3,0.120,786.16,180.6,125.5,29877,1046,69.8
01-02-1997,84.184,99.7,159.7,271703,66.9,5722,170455,5.2,0.080,790.82,183.4,126.6,29935,1070,69.8
01-03-1997,84.456,100,159.8,271952,67.1,5751,170635,5.2,0.080,757.12,184.8,126.2,30050,1031,69.8
01-04-1997,84.626,101.4,159.9,272213,67.1,5764,170754,5.1,0.120,801.34,185.4,125.8,30043,1054,70
01-05-1997,84.865,103.2,159.9,272482,67.1,5793,170873,4.9,0.100,848.28,186.8,126,30146,1046,70.1
01-06-1997,85.084,104.5,160.2,272767,67.1,5793,171075,5,0.040,885.14,185.4,126.1,30211,1057,70.3
01-07-1997,85.336,107.1,160.4,273074,67.2,5817,171193,4.9,0.060,954.31,185.9,126.7,30291,1050,70.6
01-08-1997,85.577,104.4,160.8,273395,67.2,5846,171332,4.8,0.040,899.47,185,126.8,30412,1061,70.7
01-09-1997,85.854,106,161.2,273703,67.1,5874,171521,4.9,0.020,947.28,183.7,126.8,30458,1091,71.2
01-10-1997,86.15,105.6,161.5,273989,67.1,5883,171676,4.7,0.020,914.62,181.1,126.8,30577,1098,71.4
01-11-1997,86.635,107.2,161.7,274249,67.2,5899,171823,4.6,0.020,955.4,181.8,127.2,30745,1093,71.6
01-12-1997,87.097,102.1,161.8,274499,67.2,5938,172027,4.7,0.140,970.43,181.5,127,30894,1080,71.6
01-01-1998,87.619,106.6,162,274732,67.1,5983,172110,4.6,0.100,980.28,181.1,127,31139,1158,71.6
01-02-1998,88.007,110.4,162,274943,67.1,5997,172292,4.6,0.080,1049.34,182.2,126.6,31312,1191,71.4
01-03-1998,88.447,106.5,162,275175,67.1,5969,172397,4.7,0.200,1101.75,182.4,125.7,31465,1162,71.4
01-04-1998,88.883,108.7,162.2,275434,67,6049,172493,4.3,0.080,1111.75,182.5,125.5,31534,1157,71.7
01-05-1998,89.368,106.5,162.6,275700,67,6087,172709,4.4,0.120,1090.82,180.4,125.3,31632,1165,71.8
01-06-1998,89.848,105.6,162.8,275976,67,6130,172921,4.5,0.680,1133.84,177.5,125,31780,1148,72.4
01-07-1998,90.313,105.2,163.2,276266,67,6172,173108,4.5,0.620,1120.67,178.5,124.2,31803,1181,72.7
01-08-1998,90.789,104.4,163.4,276566,67,6215,173286,4.5,0.100,957.28,179.7,122.6,31871,1196,72.7
01-09-1998,91.262,100.9,163.5,276859,67.2,6225,173440,4.6,0.120,1017.01,178,120.5,31931,1187,72.7
01-10-1998,91.721,97.4,163.9,277140,67.2,6262,173558,4.5,0.120,1098.67,175.5,117.6,31945,1217,73
01-11-1998,92.203,102.7,164.1,277402,67.1,6301,173714,4.4,0.040,1163.63,175.2,115.6,32047,1248,73.5
01-12-1998,92.716,100.5,164.4,277658,67.2,6378,173884,4.4,0.020,1229.23,175.9,114.5,32080,1317,74
01-01-1999,93.212,103.9,164.7,277891,67.2,6357,174347,4.3,0.140,1279.64,177.2,113.9,32230,1259,71.3
01-02-1999,93.675,108.1,164.7,278095,67.2,6429,174538,4.4,0.040,1238.33,179.8,113.8,32319,1291,71.4
01-03-1999,94.221,105.7,164.8,278324,67,6402,174655,4.2,0.200,1286.37,181.6,112.9,32325,1239,71.7
01-04-1999,94.789,104.6,165.9,278584,67.1,6480,174805,4.3,0.120,1335.18,181.6,112.8,32195,1227,72
01-05-1999,95.349,106.8,166,278859,67.1,6516,175018,4.2,0.040,1301.84,183.7,113.1,32225,1254,72.4
01-06-1999,95.979,107.3,166,279148,67.1,6547,175260,4.3,0.140,1372.71,187.8,113.8,32306,1276,72.7
01-07-1999,96.596,106,166.7,279448,67.1,6571,175438,4.3,0.080,1328.72,192,113.4,32338,1276,73
01-08-1999,97.224,104.5,167.1,279752,67,6586,175604,4.2,0.080,1320.41,189.6,114,32444,1243,73.2
01-09-1999,97.869,107.2,167.8,280053,67,6613,175728,4.2,0.180,1282.71,184.9,113.9,32373,1198,73.2
01-10-1999,98.529,103.2,168.1,280337,67,6640,175963,4.1,0.080,1362.93,181,114.3,32522,1208,73.4
01-11-1999,99.16,107.2,168.4,280594,67.1,6687,176046,4.1,0.100,1388.91,181.6,115.5,32706,1233,73.5
01-12-1999,99.849,105.4,168.8,280846,67.1,6709,176183,4,0.040,1469.25,182.7,117.1,32931,1257,73.8
01-01-2000,100.552,112,169.3,281083,67.3,6752,178202,4,0.140,1394.46,183.8,118.3,33119,1277,74.7
01-02-2000,101.339,111.3,170,281299,67.3,6730,178266,4.1,0.140,1366.42,184,118.2,33222,1241,75
01-03-2000,102.127,107.1,171,281531,67.3,6811,178375,4,0.080,1498.58,184.2,118.4,33284,1253,75.2
01-04-2000,102.922,109.2,170.9,281763,67.3,6794,178520,3.8,0.140,1452.43,183,119,33426,1192,75.3
01-05-2000,103.677,110.7,171.2,281996,67.1,6770,178786,4,0.420,1420.6,179.3,118.4,33537,1182,75.5
01-06-2000,104.424,106.4,172.2,282247,67.1,6778,179051,4,0.660,1454.6,178.6,117.6,33599,1156,75.9
01-07-2000,105.054,108.3,172.7,282504,66.9,6794,179398,4,0.780,1430.83,177,117.1,33746,1152,76
01-08-2000,105.768,107.3,172.7,282769,66.9,6796,179432,4.1,1.180,1517.68,174.4,116.2,33920,1173,76.1
01-09-2000,106.537,106.8,173.6,283033,66.9,6807,179634,3.9,1.560,1436.51,174.1,116.1,33924,1189,76.4
01-10-2000,107.381,105.8,173.9,283285,66.8,6814,179804,3.9,4.300,1429.4,173.9,114.7,33985,1224,76.5
01-11-2000,108.3,107.6,174.2,283523,66.9,6817,179918,3.9,6.340,1314.95,173.2,112.8,33965,1208,76.7
01-12-2000,109.138,98.4,174.6,283748,67,6792,180061,3.9,11.180,1320.28,172.7,112.4,34001,1180,77.1
01-01-2001,109.846,94.7,175.6,283960,67.2,6824,180328,4.2,21.680,1366.01,171.6,112.1,34151,1251,77.7
01-02-2001,110.501,90.6,176,284166,67.1,6841,180495,4.2,27.840,1239.94,171.5,110.6,34166,1242,78
01-03-2001,111.108,91.5,176.1,284380,67.2,6862,180593,4.3,34.080,1160.33,172.8,110.6,34228,1232,78.2
01-04-2001,111.65,88.4,176.4,284602,66.9,6844,180854,4.4,40.200,1249.46,172.9,110.2,34100,1259,78.6
01-05-2001,112.162,92,177.3,284834,66.7,6849,180997,4.3,39.780,1255.82,179,109.9,33988,1240,79.2
01-06-2001,112.795,92.6,177.7,285076,66.7,6840,181378,4.5,40.300,1224.38,180.7,109.7,33954,1252,79.6
01-07-2001,113.491,92.4,177.4,285324,66.8,6845,181581,4.6,39.260,1211.23,176.7,110,34420,1235,80
01-08-2001,114.167,91.5,177.4,285584,66.5,6827,181879,4.9,37.400,1133.58,176.8,109.9,34953,1241,80.8
01-09-2001,114.81,81.8,178.1,285842,66.8,6813,181977,5,37.020,1040.94,176,109.6,34622,1192,81
01-10-2001,115.308,82.7,177.6,286086,66.7,6804,182269,5.3,30.100,1059.78,172.3,108.6,33984,1185,81.5
01-11-2001,115.854,83.9,177.5,286315,66.7,6784,182529,5.5,23.640,1139.45,171.5,107.6,33995,1229,81.5
01-12-2001,116.451,88.8,177.4,286533,66.7,6785,182737,5.7,11.200,1148.08,170.6,107.3,34028,1251,81.2
01-01-2002,117.143,93,177.7,286739,66.5,6775,182700,5.7,4.660,1130.2,171.7,107.1,34707,1285,80.6
01-02-2002,117.844,90.7,178,286935,66.8,6766,182841,5.7,2.700,1106.73,173,107.7,34735,1401,80.9
01-03-2002,118.687,95.7,178.5,287131,66.6,6755,183099,5.7,1.280,1147.39,175.3,109,34734,1289,81.2
01-04-2002,119.611,93,179.3,287343,66.7,6710,183331,5.9,0.900,1076.92,175.6,110.8,34827,1285,81.4
01-05-2002,120.724,96.9,179.5,287571,66.7,6684,183460,5.8,0.780,1067.14,174.4,112.9,34941,1289,81.7
01-06-2002,121.812,92.4,179.6,287808,66.6,6701,183690,5.8,0.700,989.82,173.3,114.7,35018,1314,81.9
01-07-2002,122.886,88.1,180,288051,66.5,6688,183840,5.8,1.460,911.62,173.3,115.9,34902,1307,81.7
01-08-2002,123.83,87.6,180.5,288303,66.6,6701,184114,5.7,1.180,916.07,173.8,117,34882,1317,81.4
01-09-2002,124.778,86.1,180.8,288554,66.7,6702,184238,5.7,1.160,815.28,173,118.6,34892,1366,81.8
01-10-2002,125.733,80.6,181.2,288794,66.6,6689,184452,5.7,1.100,885.76,172.3,118.9,34964,1382,82.3
01-11-2002,126.668,84.2,181.5,289012,66.4,6713,184792,5.9,0.920,936.31,171.8,118.2,35031,1382,81.9
01-12-2002,127.622,86.7,181.8,289214,66.3,6700,184906,6,1.800,879.82,171.8,117.9,35090,1409,82.6
01-01-2003,128.46,82.4,182.6,289412,66.4,6704,185679,5.8,1.100,855.7,171.7,118.6,35015,1416,83.7
01-02-2003,129.355,79.9,183.6,289606,66.4,6667,185833,5.9,1.700,841.15,173.2,120.1,34867,1357,84.5
01-03-2003,130.148,77.6,183.9,289809,66.3,6654,186144,5.9,1.580,848.18,172.6,120.7,34925,1359,85
01-04-2003,130.884,86,183.2,290024,66.4,6689,186473,6,1.220,916.92,172.9,120.7,35105,1391,85.3
01-05-2003,131.735,92.1,182.9,290250,66.4,6706,186725,6.1,0.580,963.59,173.1,119.8,35353,1389,85.2
01-06-2003,132.649,89.7,183.1,290484,66.5,6723,186914,6.3,0.460,974.5,173.8,119.2,35428,1461,85.3
01-07-2003,133.776,90.9,183.7,290726,66.2,6735,187187,6.2,0.420,993.32,176.9,119.4,35826,1478,85.1
01-08-2003,134.967,89.3,184.5,290974,66.1,6760,187401,6.1,0.460,1008.01,177.8,120.8,36043,1521,85.9
01-09-2003,136.294,87.7,185.1,291222,66.1,6783,187571,6.1,0.200,995.97,184,122,35605,1533,86.5
01-10-2003,137.532,89.6,184.9,291463,66.1,6784,187712,6,0.220,1050.71,184.1,123.2,35711,1566,87.1
01-11-2003,138.794,93.7,185,291677,66.1,6796,187901,5.8,0.160,1058.2,184.4,125,35899,1513,87.8
01-12-2003,140.18,92.6,185.5,291868,65.9,6827,188014,5.7,0.420,1111.92,183.9,128.4,35903,1549,88.4
01-01-2004,141.648,103.8,186.3,292046,66.1,6848,187560,5.7,0.260,1131.13,183.3,134,35860,1539,88.9
01-02-2004,143.193,94.4,186.7,292230,66,6838,187827,5.6,0.160,1144.94,189,143.6,35901,1564,89.4
01-03-2004,145.059,95.8,187.1,292434,66,6887,188114,5.8,0.180,1126.21,194.1,150.3,36020,1648,90.5
01-04-2004,146.592,94.2,187.4,292651,65.9,6901,188346,5.6,0.080,1107.3,197.7,154.4,36117,1617,91.4
01-05-2004,148.184,90.2,188.2,292872,66,6948,188553,5.6,0.100,1120.68,201.6,155.3,36273,1675,92.5
01-06-2004,149.848,95.6,188.9,293103,66.1,6962,188689,5.6,0.980,1140.84,198.4,155.2,36273,1615,93
01-07-2004,151.336,96.7,189.1,293350,66.1,6977,188792,5.5,0.180,1101.72,196.5,166,36332,1620,93.6
01-08-2004,152.632,95.9,189.2,293603,66,7003,189022,5.4,0.180,1104.24,202.1,174.2,36422,1609,94.1
01-09-2004,154.178,94.2,189.8,293857,65.8,7029,189268,5.4,0.160,1114.58,202.5,174,36417,1586,94.5
01-10-2004,155.75,91.7,190.8,294104,65.9,7077,189481,5.5,0.100,1130.2,196.7,178.9,36407,1593,95.1
01-11-2004,157.527,92.8,191.7,294337,66,7091,189658,5.4,0.140,1173.82,191.9,182.4,36276,1572,95.7
01-12-2004,159.329,97.1,191.7,294561,65.9,7117,189863,5.4,0.120,1211.92,193,180.6,37591,1613,96.5
01-01-2005,161.287,95.5,191.6,294768,65.8,7095,190044,5.3,0.100,1181.27,194.6,181.2,36199,1654,96.7
01-02-2005,163.343,94.1,192.4,294955,65.9,7153,190227,5.4,0.080,1203.6,198.2,179.8,36199,1630,96.4
01-03-2005,165.812,92.6,193.1,295149,65.9,7181,190432,5.2,0.240,1180.59,198.6,176.4,36312,1580,96.9
01-04-2005,167.501,87.7,193.7,295359,66.1,7266,190502,5.2,0.140,1156.85,198.3,176.9,36403,1654,97.1
01-05-2005,169.351,86.9,193.6,295582,66.1,7294,190681,5.1,0.160,1191.5,195.2,170.7,36537,1644,98.3
01-06-2005,171.19,96,193.7,295824,66.1,7333,190880,5,0.140,1191.33,197.6,162,36591,1683,99.3
01-07-2005,172.859,96.5,194.9,296077,66.1,7353,191058,5,0.420,1234.18,196,160,36609,1722,100.7
01-08-2005,174.442,89.1,196.1,296338,66.2,7394,191171,4.9,1.720,1220.33,194.1,161.8,36636,1716,100.8
01-09-2005,176.437,76.9,198.8,296606,66.1,7415,191487,5,9.440,1228.81,197.4,169.2,36465,1798,101.2
01-10-2005,178.028,74.2,199.1,296857,66.1,7460,191704,5,0.240,1207.01,198,168,36617,1742,101.8
01-11-2005,179.682,81.6,198.1,297089,66,7524,192008,5,0.100,1249.48,194.1,173.9,36817,1730,102.8
01-12-2005,180.911,91.5,198.1,297311,66,7533,192197,4.9,0.060,1248.29,195.2,173.8,36918,1661,104
01-01-2006,182.321,91.2,199.3,297526,66,7601,192322,4.7,0.060,1280.08,197.5,174.7,37297,1689,104.4
01-02-2006,183.288,86.7,199.4,297734,66.1,7664,192519,4.8,0.080,1280.66,198.4,177.2,37454,1643,104.7
01-03-2006,184.364,88.9,199.7,297950,66.2,7689,192605,4.7,0.120,1294.83,198.6,178.1,37576,1551,105.6
01-04-2006,184.33,87.4,200.7,298170,66.1,7726,192795,4.7,0.220,1310.61,198.3,180.7,37530,1496,105.7
01-05-2006,184.157,79.1,201.3,298401,66.1,7713,192950,4.6,0.320,1270.09,198.6,183.7,37475,1450,105.9
01-06-2006,183.509,84.9,201.8,298653,66.2,7699,193193,4.6,0.160,1270.2,195.4,189,37496,1393,105.8
01-07-2006,183.068,84.7,202.9,298910,66.1,7712,193430,4.7,0.300,1276.66,193.9,193.9,37457,1307,105.4
01-08-2006,182.596,82,203.8,299178,66.2,7720,193521,4.7,0.240,1303.82,191.4,192.2,37401,1282,105.9
01-09-2006,182.8,85.4,202.8,299452,66.1,7718,193600,4.5,0.240,1335.85,191.8,195.3,37576,1218,106.9
01-10-2006,183.201,93.6,201.9,299710,66.2,7682,193704,4.4,0.220,1377.94,188.7,194.9,37723,1175,107.3
01-11-2006,183.612,92.1,202,299950,66.3,7666,193907,4.5,0.260,1400.63,189.4,189,37850,1163,107.5
01-12-2006,184.141,91.7,203.1,300178,66.4,7685,194089,4.4,0.140,1418.3,190.3,189.6,38000,1198,107.8
01-01-2007,184.519,96.9,203.437,300398,66.4,7725,194805,4.6,0.460,1438.24,192.1,190,37962,1174,107.9
01-02-2007,184.6,91.3,204.226,300608,66.3,7626,195041,4.5,0.200,1406.82,192.7,195.9,38055,1136,108.1
01-03-2007,184.151,88.4,205.288,300823,66.2,7706,195143,4.4,0.200,1420.86,193.3,205.5,38145,1147,108.4
01-04-2007,183.011,87.1,205.904,301045,65.9,7686,195257,4.5,0.300,1482.37,193.3,209.2,38167,1058,108
01-05-2007,181.602,88.3,206.755,301278,66,7673,195408,4.4,0.420,1530.62,193.1,205.8,38156,1042,106.8
01-06-2007,180.256,85.3,207.234,301528,66,7687,195678,4.6,0.840,1503.35,193.7,205.3,38101,995,106.3
01-07-2007,179.114,90.4,207.603,301790,66,7660,195848,4.7,1.080,1455.27,194.4,204.3,38107,978,106.4
01-08-2007,178.12,83.4,207.667,302064,65.8,7610,195981,4.6,0.920,1473.99,193.2,200.5,38092,916,106.6
01-09-2007,177.561,83.4,208.547,302334,66,7577,196067,4.7,1.080,1526.75,192.3,199.8,38127,855,106.7
01-10-2007,176.627,80.9,209.19,302590,65.8,7565,196117,4.7,1.920,1549.38,191.1,198,38083,821,106.7
01-11-2007,175.148,76.1,210.834,302834,66,7523,196159,4.7,3.380,1481.14,189.8,197.8,38015,795,106.2
01-12-2007,174.342,75.5,211.445,303062,66,7490,196411,5,11.360,1468.36,190,200.6,38118,742,105.8
01-01-2008,173.133,78.4,212.174,303280,66.2,7476,196034,5,27.020,1378.55,189.3,210,38095,708,105.1
01-02-2008,171.542,70.8,212.687,303494,66,7453,196228,4.9,52.780,1330.63,189.1,215.2,38049,664,104.9
01-03-2008,170.054,69.5,213.448,303707,66.1,7406,196360,5.1,69.500,1322.7,189.9,224,38015,642,104.5
01-04-2008,168.338,62.6,213.942,303926,65.9,7327,196212,5,81.320,1385.59,190.5,250.6,37841,661,103.8
01-05-2008,166.659,59.8,215.208,304157,66.1,7274,196434,5.4,87.180,1400.38,193.8,270.6,39653,633,104.1
01-06-2008,165.019,56.4,217.463,304396,66.1,7213,196493,5.6,91.180,1280,194.6,284.1,38619,605,103
01-07-2008,163.57,61.2,219.016,304646,66.1,7160,196535,5.8,96.920,1267.38,193.5,293.1,37992,571,103.3
01-08-2008,161.991,63,218.69,304903,66.1,7114,196647,6.1,99.540,1282.83,193.5,294.4,37739,543,102.7
01-09-2008,160.311,70.3,218.877,305158,66,7044,196796,6.1,99.800,1166.36,193.7,274,37789,529,101.8
01-10-2008,158.329,57.6,216.995,305403,66,6967,196921,6.5,93.300,968.75,191.1,236,38037,469,101.4
01-11-2008,156.142,55.3,213.153,305620,65.9,6813,197117,6.8,99.560,896.24,188.9,209.4,38328,420,101.6
01-12-2008,153.618,60.1,211.398,305827,65.8,6701,197393,7.3,99.800,903.25,188,195.6,38111,364,102
01-01-2009,151.504,61.2,211.933,306035,65.7,6567,197098,7.8,99.760,825.88,185.3,191.6,38290,337,101.7
01-02-2009,150.011,56.3,212.705,306237,65.8,6446,197318,8.3,99.580,735.09,183.5,185.4,37875,377,100.8
01-03-2009,148.657,57.3,212.495,306438,65.6,6291,197596,8.7,99.640,797.87,181.7,179.8,37833,361,100.5
01-04-2009,147.947,65.1,212.709,306645,65.7,6154,197886,9,97.860,872.81,181.2,168.9,38025,391,99.2
01-05-2009,147.693,68.7,213.022,306863,65.7,6100,198009,9.4,91.180,919.14,180.9,169.2,38541,431,97.7
01-06-2009,148.088,70.8,214.79,307090,65.7,6010,197628,9.5,68.760,919.32,180.8,171.1,37809,458,96.9
01-07-2009,148.409,66,214.726,307322,65.5,5932,197720,9.5,4.800,987.48,182.8,178.2,37616,489,96.7
01-08-2009,148.275,65.7,215.445,307570,65.4,5855,198067,9.6,1.400,1020.62,183,187,37515,491,96.6
01-09-2009,148.023,73.5,215.861,307826,65.1,5787,198391,9.8,0.960,1057.08,183.7,193.7,37596,477,96.9
01-10-2009,147.849,70.6,216.509,308071,65,5716,198691,10,0.600,1036.19,182.7,196.1,37453,472,97.2
01-11-2009,148.135,67.4,217.234,308289,65,5696,198755,9.9,0.360,1095.63,183.3,191.3,37533,483,97.5
01-12-2009,147.929,72.5,217.347,308495,64.6,5654,198807,9.9,0.440,1115.1,184.6,195.7,37699,508,97.9
01-01-2010,147.395,74.4,217.488,308706,64.8,5580,198301,9.8,0.300,1073.87,185.8,205.6,37721,504,97.8
01-02-2010,145.63,73.6,217.281,308904,64.9,5500,198466,9.8,0.340,1104.49,190.2,210.8,37732,510,97.2
01-03-2010,145.858,73.6,217.353,309095,64.9,5537,198670,9.9,0.160,1169.43,193.2,220.6,37859,536,96.4
01-04-2010,146.401,72.2,217.403,309279,65.2,5553,198998,9.9,0.140,1186.69,197.2,232,38152,476,95.7
01-05-2010,146.392,73.6,217.29,309457,64.9,5520,199087,9.6,0.100,1089.41,200.6,235.5,38415,435,95.6
01-06-2010,145.719,76,217.199,309643,64.6,5516,198909,9.4,0.620,1030.71,195.7,233.5,38415,425,95.9
01-07-2010,144.989,67.8,217.605,309847,64.6,5508,198989,9.4,0.340,1101.6,194,224.8,38441,411,96.4
01-08-2010,143.912,68.9,217.923,310060,64.7,5524,199198,9.5,0.160,1049.33,192.1,221.9,38540,402,96.4
01-09-2010,143.015,68.2,218.275,310280,64.6,5501,199518,9.5,0.240,1141.2,191.4,224.1,38512,404,96
01-10-2010,142.527,67.7,219.035,310488,64.4,5508,199848,9.4,0.220,1183.26,190.5,222.7,38489,408,96.6
01-11-2010,142.172,71.6,219.59,310677,64.6,5506,199988,9.8,0.180,1180.55,190.3,222.6,38498,418,96.7
01-12-2010,142.064,74.5,220.472,310858,64.3,5467,200006,9.3,0.100,1257.64,191.2,228.3,38700,447,97
01-01-2011,141.528,74.2,221.187,311023,64.2,5427,199167,9.1,0.140,1286.12,193.4,239.8,38854,420,97
01-02-2011,140.358,77.5,221.898,311173,64.1,5451,199372,9,0.440,1327.22,194.7,248.7,38940,379,96.6
01-03-2011,139.986,67.5,223.046,311333,64.2,5477,199560,9,0.140,1325.83,195.8,253.3,38811,399,96.8
01-04-2011,140.011,69.8,224.093,311502,64.2,5485,199948,9.1,0.460,1363.61,195.6,257.5,38720,403,97.5
01-05-2011,139.904,74.3,224.806,311678,64.1,5516,200069,9,0.340,1345.2,194.3,256.6,38640,411,97.4
01-06-2011,139.861,71.5,224.806,311872,64,5528,200006,9.1,0.160,1320.64,193.4,256.4,38759,413,97.3
01-07-2011,139.732,63.7,225.395,312077,64,5547,200117,9,0.140,1292.28,193.6,256.9,38864,416,97.2
01-08-2011,139.309,55.8,226.106,312292,64.1,5552,200138,9,0.080,1218.89,194.7,256.5,38812,428,97.9
01-09-2011,138.669,59.5,226.597,312509,64.2,5584,200253,9,0.120,1131.42,194.3,256.9,38732,425,97.4
01-10-2011,137.953,60.8,226.75,312708,64.1,5588,200408,8.8,0.100,1253.3,195.8,255.2,38748,439,97.8
01-11-2011,137.152,63.7,227.169,312889,64.1,5593,200303,8.6,0.180,1246.96,195.3,248.9,38712,449,97.8
01-12-2011,136.674,69.9,227.223,313064,64,5611,200297,8.5,0.080,1257.6,195.8,252.1,39057,458,97.8
01-01-2012,136.608,75,227.842,313227,63.7,5626,200971,8.3,0.060,1312.41,196.3,256.5,39304,462,96.8
01-02-2012,136.534,75.3,228.329,313383,63.8,5629,201116,8.3,0.140,1365.68,197.8,253.8,39520,493,96.2
01-03-2012,137.908,76.2,228.807,313546,63.8,5625,201276,8.2,0.320,1408.47,199.8,253.4,39647,482,96.9
01-04-2012,139.16,76.4,229.187,313710,63.7,5618,201508,8.2,0.180,1397.91,200.4,252.3,39803,485,97.4
01-05-2012,140.16,79.3,228.713,313883,63.7,5604,201542,8.2,0.320,1310.33,202.3,250.5,39793,494,97.4
01-06-2012,141.034,73.2,228.524,314072,63.8,5621,201478,8.2,0.340,1362.16,202.3,239,39745,501,97.4
01-07-2012,141.673,72.3,228.59,314272,63.7,5632,201483,8.2,0.260,1379.32,201.1,232.1,39445,522,98.4
01-08-2012,142.282,74.3,229.918,314489,63.5,5648,201559,8.1,0.360,1406.58,202.7,233.2,39316,517,99.3
01-09-2012,142.911,78.3,231.015,314703,63.6,5661,201604,7.8,0.200,1440.67,203.3,233.7,39572,562,99.5
01-10-2012,143.603,82.6,231.638,314905,63.8,5674,201645,7.8,0.160,1412.16,202.1,224.8,39816,568,99.4
01-11-2012,144.586,82.7,231.249,315092,63.6,5684,201693,7.7,0.100,1416.18,204.9,228.9,40315,568,99.5
01-12-2012,145.502,72.9,231.221,315258,63.7,5724,201805,7.9,0.140,1426.19,206.5,230.3,41273,582,99.9
01-01-2013,146.835,73.8,231.679,315400,63.7,5746,201742,8,0.120,1498.11,210.7,228,38868,590,100.9
01-02-2013,147.783,77.6,232.937,315535,63.4,5784,201914,7.7,0.100,1514.68,213.1,226,38743,612,101.9
01-03-2013,149.966,78.6,232.282,315682,63.3,5802,202047,7.5,0.160,1569.19,216,228.8,38843,610,102.8
01-04-2013,151.525,76.4,231.797,315841,63.4,5796,202167,7.6,0.240,1597.57,218,228.1,38941,620,103.5
01-05-2013,152.861,84.5,231.893,316016,63.4,5829,202314,7.5,0.160,1630.74,215.6,223.3,39107,623,103.8
01-06-2013,154.208,84.1,232.445,316202,63.4,5855,202304,7.5,0.260,1606.28,213.2,222.2,39094,628,103.9
01-07-2013,155.617,85.1,232.9,316405,63.3,5859,202299,7.3,0.400,1685.73,212.4,225.3,39034,619,104
01-08-2013,156.98,82.1,233.456,316627,63.3,5878,202491,7.2,0.180,1632.97,214.1,225.2,39098,635,104.5
01-09-2013,158.239,77.5,233.544,316846,63.2,5910,202622,7.2,0.160,1681.55,214.5,223.9,39235,625,105.8
01-10-2013,159.252,73.2,233.669,317055,62.8,5931,202708,7.2,0.200,1756.54,215.9,224.9,39094,623,107.5
01-11-2013,160.082,75.1,234.1,317248,63,5963,202707,6.9,0.180,1805.81,217.1,228.9,39169,642,108.4
01-12-2013,161.001,82.5,234.719,317429,62.9,5932,202756,6.7,0.320,1848.36,217.6,232.5,39230,602,108.9
01-01-2014,161.948,81.2,235.288,317598,62.9,5985,202559,6.6,0.400,1782.59,220.2,238,39400,615,109.9
01-02-2014,162.532,81.6,235.547,317758,62.9,6007,202744,6.7,0.160,1859.45,222.1,234.9,39588,609,110.7
01-03-2014,163.096,80,236.028,317924,63.1,6038,202739,6.7,0.120,1872.34,223.5,231.3,39785,623,111
01-04-2014,163.406,84.1,236.468,318098,62.8,6084,202826,6.2,0.160,1883.95,223,234.6,39921,620,109.8
01-05-2014,163.674,81.9,236.918,318284,62.9,6109,202947,6.3,0.140,1923.57,224.2,233.5,40043,627,109.6
01-06-2014,164.07,82.5,237.231,318479,62.8,6133,203062,6.1,0.080,1960.23,224.3,232.6,40182,649,108.8
01-07-2014,164.586,81.8,237.498,318692,62.9,6178,203020,6.2,0.080,1930.67,224.7,232.7,40274,648,111.3
01-08-2014,165.225,82.5,237.46,318921,62.9,6210,203120,6.1,0.100,2003.37,226,233,40437,650,112.8
01-09-2014,165.918,84.6,237.477,319149,62.8,6242,203188,5.9,0.140,1972.29,226.7,233.9,40542,662,113.1
01-10-2014,166.655,86.9,237.43,319367,62.9,6259,203227,5.7,0.160,2018.05,225.6,230.5,40691,647,111.5
01-11-2014,167.348,88.8,236.983,319561,62.9,6272,203361,5.8,0.200,2067.56,225.2,226.3,40877,658,112.3
01-12-2014,168.065,93.6,236.252,319742,62.8,6293,203369,5.6,0.300,2058.9,224.4,224,41129,670,112.8
01-01-2015,168.67,98.1,234.747,319904,62.9,6320,203898,5.7,0.800,1994.99,225.1,222.4,41340,662,113.2
01-02-2015,169.153,95.4,235.342,320053,62.7,6361,203976,5.5,1.200,2104.5,224.6,209.2,41467,628,113.8
01-03-2015,169.828,93,235.976,320215,62.6,6334,203999,5.4,1.320,2067.89,223.9,205.2,41327,658,114.1
01-04-2015,170.326,95.9,236.222,320390,62.8,6392,203985,5.4,0.920,2085.51,224,200.9,41396,679,113.8
01-05-2015,170.907,90.7,237.001,320574,62.9,6427,204250,5.6,0.960,2107.39,222.5,198.3,41440,701,113.9
01-06-2015,171.49,96.1,237.657,320769,62.7,6441,204424,5.3,0.880,2063.11,222,200.3,41440,706,114.1
01-07-2015,172.158,93.1,238.034,320982,62.6,6472,204504,5.2,0.560,2103.84,222,198.2,41510,700,114.1
01-08-2015,172.963,91.9,238.033,321205,62.6,6490,204540,5.1,0.920,1972.18,220.6,193,41578,718,113.8
01-09-2015,173.858,87.2,237.498,321428,62.4,6508,204614,5,0.980,1920.03,219,190.5,41664,711,113.8
01-10-2015,174.819,90,237.733,321641,62.5,6547,204666,5,1.180,2079.36,219.8,181.5,41723,721,114.4
01-11-2015,175.76,91.3,238.017,321834,62.5,6598,204723,5.1,1.400,2080.41,220,175.2,41691,730,114
01-12-2015,176.554,92.6,237.761,322020,62.7,6630,204713,5,1.080,2043.94,219.5,172.2,41867,721,114.7
01-01-2016,177.29,92,237.652,322196,62.7,6631,205120,4.8,0.740,1940.24,219.8,173.1,41998,725,114.9
01-02-2016,177.659,91.7,237.336,322353,62.8,6640,205148,4.9,1.160,1932.23,219.7,172.7,42023,726,115
01-03-2016,178.191,91,238.08,322513,63,6678,205224,5,1.040,2059.74,221,175.4,42005,732,116.6
01-04-2016,178.811,89,238.992,322685,62.9,6702,205251,5.1,0.780,2065.3,222.4,184.3,41905,750,117.3
01-05-2016,179.482,94.7,239.557,322867,62.7,6689,205452,4.8,0.680,2096.96,222.9,192.9,41860,748,118.1
01-06-2016,180.144,93.5,240.222,323061,62.7,6701,205567,4.9,0.320,2098.86,223.4,193.4,41854,747,118.3
01-07-2016,180.9,90,240.101,323265,62.8,6735,205691,4.8,0.260,2173.6,224,193.6,41969,721,119.8
01-08-2016,181.91,89.8,240.545,323473,62.9,6736,205623,4.9,0.360,2170.95,224.6,195,41979,749,121.3
01-09-2016,182.875,91.2,241.176,323680,62.9,6768,205705,5,0.360,2168.27,223.9,191.2,42042,747,122.3
01-10-2016,183.782,87.2,241.741,323876,62.8,6799,205800,4.9,0.380,2126.15,223.9,186.4,42077,774,123.4
01-11-2016,184.757,93.8,242.026,324052,62.7,6823,205781,4.7,0.480,2198.81,223.2,189.3,42147,775,124
01-12-2016,185.686,98.2,242.637,324216,62.7,6818,205888,4.7,0.260,2238.83,223.3,196.4,42210,814,124
01-01-2017,186.776,98.5,243.62,324362,62.8,6839,205448,4.7,0.300,2278.87,223.4,204.8,42367,796,124.5
01-02-2017,187.302,96.3,243.872,324494,62.8,6886,205497,4.6,0.260,2363.64,226.2,207.3,42504,817,124.4
01-03-2017,188.048,96.9,243.766,324632,63,6907,205386,4.4,0.140,2362.72,227.7,213.3,42668,829,124.8
01-04-2017,188.822,97,244.274,324783,63,6917,205380,4.5,0.180,2384.2,229.6,212,42704,800,124.9
01-05-2017,189.741,97.1,244.069,324944,62.8,6926,205536,4.4,0.180,2411.8,230.1,213.7,42969,794,124.6
01-06-2017,190.646,95,244.218,325117,62.8,6954,205671,4.3,0.200,2423.41,229.9,213.9,42949,818,125.5
01-07-2017,191.585,93.4,244.28,325296,62.9,6958,205745,4.3,0.260,2470.3,230.1,215.9,43037,817,126.2
01-08-2017,192.809,96.8,245.205,325476,62.9,6989,205697,4.4,0.480,2471.65,231.6,214.1,43062,807,126.9
01-09-2017,193.853,95.1,246.551,325653,63,7003,205666,4.2,0.200,2519.36,231.7,215.7,43085,823,127.3
01-10-2017,194.815,100.7,246.657,325820,62.7,7029,205684,4.1,0.100,2575.26,234.4,211.5,43161,848,126.9
01-11-2017,195.874,98.5,247.378,325968,62.7,7072,205689,4.2,0.180,2647.58,234.8,208.8,43189,857,126.8
01-12-2017,197.018,95.9,247.736,326100,62.7,7104,205779,4.1,0.260,2673.61,235.6,212.9,43274,870,126.9
01-01-2018,198.154,95.7,248.721,326216,62.7,7107,206458,4,0.480,2823.81,237.3,217.6,43564,861,127.7
01-02-2018,199.14,99.7,249.3,326323,63,7194,206346,4.1,0.160,2713.83,242.4,222.1,43669,877,128.5
01-03-2018,200.066,101.4,249.517,326437,62.9,7203,206261,4,0.100,2640.87,244.7,227.5,43801,858,128.7
01-04-2018,200.855,98.8,250.275,326563,62.9,7224,206240,4,0.120,2648.05,244.8,234.1,43880,871,129.5
01-05-2018,201.697,98,250.786,326699,62.9,7263,206468,3.8,0.460,2705.27,249.7,239,43995,860,130.6
01-06-2018,202.523,98.2,251.152,326847,63,7279,206627,4,0.160,2718.37,253,242.5,44107,859,130.7
01-07-2018,203.14,97.9,251.345,327005,63,7303,206637,3.8,0.140,2816.29,250.8,244.3,44241,878,130.2
01-08-2018,203.914,96.2,251.735,327167,62.7,7332,206665,3.8,0.140,2901.52,246.2,244.8,44349,829,130
01-09-2018,204.46,100.1,252.183,327328,62.7,7355,206625,3.7,0.320,2913.98,244.3,244.7,44295,850,131
01-10-2018,205.05,98.6,252.899,327477,62.8,7379,206560,3.8,0.420,2711.74,239.8,244.1,44362,840,131.9
01-11-2018,205.454,97.5,252.822,327607,62.9,7386,206511,3.8,0.460,2760.17,236.6,246.7,44414,841,132.3
01-12-2018,205.807,98.3,252.493,327722,63,7416,206672,3.9,0.540,2506.85,236.8,245.8,44914,821,132.4
01-01-2019,206.195,91.2,252.441,327824,63.1,7446,206448,4,1.440,2704.1,236.9,240.4,44885,805,133.4
01-02-2019,206.667,93.8,252.969,327921,63.1,7415,206412,3.8,1.680,2784.49,238.7,235.7,44956,812,134.2
01-03-2019,207.278,98.4,254.147,328025,63.1,7439,206289,3.8,1.180,2834.4,238.3,238.6,44913,825,134
01-04-2019,207.891,97.2,255.326,328140,62.9,7471,206292,3.7,1.360,2945.83,238.9,234,44731,802,133.1
01-05-2019,208.644,100,255.371,328267,62.9,7478,206606,3.7,0.880,2752.06,238.1,229.8,44700,833,133
01-06-2019,209.175,98.2,255.423,328404,62.9,7499,206623,3.6,0.680,2941.76,235.9,222.5,44721,842,133.3
01-07-2019,209.668,98.4,255.925,328561,63.1,7503,206376,3.6,0.540,2980.38,236.6,216.9,44752,852,134.2
01-08-2019,210.425,89.8,256.118,328730,63.2,7506,206292,3.7,0.440,2926.46,235.5,217.8,44954,895,134.8
01-09-2019,211.049,93.2,256.532,328897,63.1,7524,206149,3.5,1.020,2976.74,235.9,212.3,45023,894,135
01-10-2019,211.64,95.5,257.387,329054,63.2,7544,205940,3.6,1.080,3037.56,235.3,206.4,45043,924,135.5
01-11-2019,212.434,96.8,257.989,329191,63.2,7546,205854,3.6,0.360,3140.98,235.1,205.1,45220,940,135.3
01-12-2019,213.344,99.3,258.203,329314,63.3,7557,205863,3.6,0.500,3230.78,235.5,207.3,45076,938,136.3
01-01-2020,214.377,99.8,258.687,329423,63.4,7615,205687,3.5,0.320,3225.52,235.7,212.1,45463,980,136.4
01-02-2020,215.481,101,258.824,329527,63.3,7648,205554,3.5,0.180,2954.22,238,209.1,45729,1009,136.5
01-03-2020,216.712,89.1,257.989,329638,62.6,7557,205531,4.4,100.000,2584.59,241.5,210.6,45031,895,137.4
01-04-2020,217.412,71.8,256.192,329760,60.2,6535,206922,14.8,100.000,2912.43,236.5,204.7,52070,673,137.5
01-05-2020,217.8,72.3,255.942,329894,60.8,7004,207388,13.3,0.180,3044.31,237.7,203.5,49510,753,138.7
01-06-2020,218.419,78.1,257.282,330038,61.4,7171,205851,11.1,0.080,3100.29,243.3,203.5,48653,850,138
01-07-2020,219.91,72.5,258.604,330199,61.5,7197,205514,10.2,0.080,3271.12,250.5,200.9,48916,993,140.1
01-08-2020,222.767,74.1,259.511,330368,61.7,7223,205733,8.4,0.100,3500.31,265,200.4,47080,1055,141
01-09-2020,225.956,80.4,260.149,330535,61.4,7256,205998,7.8,0.120,3363,285.6,205.2,47327,1121,142
01-10-2020,229.438,81.8,260.462,330692,61.6,7329,205829,6.9,0.060,3269.96,279.2,207.4,47078,1141,141.8
01-11-2020,232.636,76.9,260.927,330829,61.5,7353,205923,6.7,0.380,3621.63,266.4,211.1,46449,1155,142.2
01-12-2020,235.56,80.7,261.56,330924,61.5,7400,205789,6.7,0.200,3756.07,274.7,230.7,46518,1233,143.2
